accession_number,filing_url,form_type,company,concept,label,standard_concept,2025-09-27 (FY),2024-09-28 (FY),2023-09-30 (FY),level,abstract,dimension,is_breakdown,dimension_axis,dimension_member,dimension_member_label,dimension_label,balance,weight,preferred_sign,parent_concept,parent_abstract_concept
0000320193-25-000079,https://www.sec.gov/Archives/edgar/data/320193/0000320193-25-000079-index.html,10-K,AAPL,us-gaap_RevenueFromContractWithCustomerExcludingAssessedTax,Net sales,Revenue,416161000000.0,391035000000.0,383285000000.0,4,False,False,False,nan,nan,nan,nan,credit,1.0,1.0,us-gaap_GrossProfit,us-gaap_StatementLineItems
0000320193-25-000079,https://www.sec.gov/Archives/edgar/data/320193/0000320193-25-000079-index.html,10-K,AAPL,us-gaap_RevenueFromContractWithCustomerExcludingAssessedTax,Products,nan,307003000000.0,294866000000.0,298085000000.0,4,False,True,False,srt:ProductOrServiceAxis,us-gaap_ProductMember,Products,srt:ProductOrServiceAxis: Products,credit,1.0,1.0,us-gaap_GrossProfit,us-gaap_StatementLineItems
0000320193-25-000079,https://www.sec.gov/Archives/edgar/data/320193/0000320193-25-000079-index.html,10-K,AAPL,us-gaap_RevenueFromContractWithCustomerExcludingAssessedTax,iPhone,nan,209586000000.0,201183000000.0,200583000000.0,4,False,True,False,srt:ProductOrServiceAxis,aapl_IPhoneMember,iPhone,srt:ProductOrServiceAxis: iPhone,credit,1.0,1.0,us-gaap_GrossProfit,us-gaap_StatementLineItems
0000320193-25-000079,https://www.sec.gov/Archives/edgar/data/320193/0000320193-25-000079-index.html,10-K,AAPL,us-gaap_RevenueFromContractWithCustomerExcludingAssessedTax,Mac,nan,33708000000.0,29984000000.0,29357000000.0,4,False,True,False,srt:ProductOrServiceAxis,aapl_MacMember,Mac,srt:ProductOrServiceAxis: Mac,credit,1.0,1.0,us-gaap_GrossProfit,us-gaap_StatementLineItems
0000320193-25-000079,https://www.sec.gov/Archives/edgar/data/320193/0000320193-25-000079-index.html,10-K,AAPL,us-gaap_RevenueFromContractWithCustomerExcludingAssessedTax,iPad,nan,28023000000.0,26694000000.0,28300000000.0,4,False,True,False,srt:ProductOrServiceAxis,aapl_IPadMember,iPad,srt:ProductOrServiceAxis: iPad,credit,1.0,1.0,us-gaap_GrossProfit,us-gaap_StatementLineItems
0000320193-25-000079,https://www.sec.gov/Archives/edgar/data/320193/0000320193-25-000079-index.html,10-K,AAPL,us-gaap_RevenueFromContractWithCustomerExcludingAssessedTax,"Wearables, Home and Accessories",nan,35686000000.0,37005000000.0,39845000000.0,4,False,True,False,srt:ProductOrServiceAxis,aapl_WearablesHomeandAccessoriesMember,"Wearables, Home and Accessories","srt:ProductOrServiceAxis: Wearables, Home and Accessories",credit,1.0,1.0,us-gaap_GrossProfit,us-gaap_StatementLineItems
0000320193-25-000079,https://www.sec.gov/Archives/edgar/data/320193/0000320193-25-000079-index.html,10-K,AAPL,us-gaap_RevenueFromContractWithCustomerExcludingAssessedTax,Services,nan,109158000000.0,96169000000.0,85200000000.0,4,False,True,False,srt:ProductOrServiceAxis,us-gaap_ServiceMember,Services,srt:ProductOrServiceAxis: Services,credit,1.0,1.0,us-gaap_GrossProfit,us-gaap_StatementLineItems
0000320193-25-000079,https://www.sec.gov/Archives/edgar/data/320193/0000320193-25-000079-index.html,10-K,AAPL,us-gaap_RevenueFromContractWithCustomerExcludingAssessedTax,Operating segments - Americas,nan,178353000000.0,167045000000.0,162560000000.0,4,False,True,True,srt:ConsolidationItemsAxis,us-gaap_OperatingSegmentsMember,Operating segments,"srt:ConsolidationItemsAxis: Operating segments, us-gaap:StatementBusinessSegmentsAxis: Americas",credit,1.0,1.0,us-gaap_GrossProfit,us-gaap_StatementLineItems
0000320193-25-000079,https://www.sec.gov/Archives/edgar/data/320193/0000320193-25-000079-index.html,10-K,AAPL,us-gaap_RevenueFromContractWithCustomerExcludingAssessedTax,Operating segments - Europe,nan,111032000000.0,101328000000.0,94294000000.0,4,False,True,True,srt:ConsolidationItemsAxis,us-gaap_OperatingSegmentsMember,Operating segments,"srt:ConsolidationItemsAxis: Operating segments, us-gaap:StatementBusinessSegmentsAxis: Europe",credit,1.0,1.0,us-gaap_GrossProfit,us-gaap_StatementLineItems
0000320193-25-000079,https://www.sec.gov/Archives/edgar/data/320193/0000320193-25-000079-index.html,10-K,AAPL,us-gaap_RevenueFromContractWithCustomerExcludingAssessedTax,Operating segments - Greater China,nan,64377000000.0,66952000000.0,72559000000.0,4,False,True,True,srt:ConsolidationItemsAxis,us-gaap_OperatingSegmentsMember,Operating segments,"srt:ConsolidationItemsAxis: Operating segments, us-gaap:StatementBusinessSegmentsAxis: Greater China",credit,1.0,1.0,us-gaap_GrossProfit,us-gaap_StatementLineItems
0000320193-25-000079,https://www.sec.gov/Archives/edgar/data/320193/0000320193-25-000079-index.html,10-K,AAPL,us-gaap_RevenueFromContractWithCustomerExcludingAssessedTax,Operating segments - Japan,nan,28703000000.0,25052000000.0,24257000000.0,4,False,True,True,srt:ConsolidationItemsAxis,us-gaap_OperatingSegmentsMember,Operating segments,"srt:ConsolidationItemsAxis: Operating segments, us-gaap:StatementBusinessSegmentsAxis: Japan",credit,1.0,1.0,us-gaap_GrossProfit,us-gaap_StatementLineItems
0000320193-25-000079,https://www.sec.gov/Archives/edgar/data/320193/0000320193-25-000079-index.html,10-K,AAPL,us-gaap_RevenueFromContractWithCustomerExcludingAssessedTax,Operating segments - Rest of Asia Pacific,nan,33696000000.0,30658000000.0,29615000000.0,4,False,True,True,srt:ConsolidationItemsAxis,us-gaap_OperatingSegmentsMember,Operating segments,"srt:ConsolidationItemsAxis: Operating segments, us-gaap:StatementBusinessSegmentsAxis: Rest of Asia Pacific",credit,1.0,1.0,us-gaap_GrossProfit,us-gaap_StatementLineItems
0000320193-25-000079,https://www.sec.gov/Archives/edgar/data/320193/0000320193-25-000079-index.html,10-K,AAPL,us-gaap_RevenueFromContractWithCustomerExcludingAssessedTax,U.S.,nan,151790000000.0,142196000000.0,138573000000.0,4,False,True,True,srt:StatementGeographicalAxis,country_US,U.S.,srt:StatementGeographicalAxis: U.S.,credit,1.0,1.0,us-gaap_GrossProfit,us-gaap_StatementLineItems
0000320193-25-000079,https://www.sec.gov/Archives/edgar/data/320193/0000320193-25-000079-index.html,10-K,AAPL,us-gaap_RevenueFromContractWithCustomerExcludingAssessedTax,China,nan,64377000000.0,66952000000.0,72559000000.0,4,False,True,True,srt:StatementGeographicalAxis,country_CN,China,srt:StatementGeographicalAxis: China,credit,1.0,1.0,us-gaap_GrossProfit,us-gaap_StatementLineItems
0000320193-25-000079,https://www.sec.gov/Archives/edgar/data/320193/0000320193-25-000079-index.html,10-K,AAPL,us-gaap_RevenueFromContractWithCustomerExcludingAssessedTax,Other countries,nan,199994000000.0,181887000000.0,172153000000.0,4,False,True,True,srt:StatementGeographicalAxis,aapl_OtherCountriesMember,Other countries,srt:StatementGeographicalAxis: Other countries,credit,1.0,1.0,us-gaap_GrossProfit,us-gaap_StatementLineItems
0000320193-25-000079,https://www.sec.gov/Archives/edgar/data/320193/0000320193-25-000079-index.html,10-K,AAPL,us-gaap_CostOfGoodsAndServicesSold,Cost of sales,CostOfGoodsAndServicesSold,220960000000.0,210352000000.0,214137000000.0,4,False,False,False,nan,nan,nan,nan,debit,-1.0,1.0,us-gaap_GrossProfit,us-gaap_StatementLineItems
0000320193-25-000079,https://www.sec.gov/Archives/edgar/data/320193/0000320193-25-000079-index.html,10-K,AAPL,us-gaap_CostOfGoodsAndServicesSold,Products,nan,194116000000.0,185233000000.0,189282000000.0,4,False,True,False,srt:ProductOrServiceAxis,us-gaap_ProductMember,Products,srt:ProductOrServiceAxis: Products,debit,-1.0,1.0,us-gaap_GrossProfit,us-gaap_StatementLineItems
0000320193-25-000079,https://www.sec.gov/Archives/edgar/data/320193/0000320193-25-000079-index.html,10-K,AAPL,us-gaap_CostOfGoodsAndServicesSold,Services,nan,26844000000.0,25119000000.0,24855000000.0,4,False,True,False,srt:ProductOrServiceAxis,us-gaap_ServiceMember,Services,srt:ProductOrServiceAxis: Services,debit,-1.0,1.0,us-gaap_GrossProfit,us-gaap_StatementLineItems
0000320193-25-000079,https://www.sec.gov/Archives/edgar/data/320193/0000320193-25-000079-index.html,10-K,AAPL,us-gaap_CostOfGoodsAndServicesSold,Operating segments - Americas,nan,95699000000.0,89587000000.0,92394000000.0,4,False,True,True,srt:ConsolidationItemsAxis,us-gaap_OperatingSegmentsMember,Operating segments,"srt:ConsolidationItemsAxis: Operating segments, us-gaap:StatementBusinessSegmentsAxis: Americas",debit,-1.0,1.0,us-gaap_GrossProfit,us-gaap_StatementLineItems
0000320193-25-000079,https://www.sec.gov/Archives/edgar/data/320193/0000320193-25-000079-index.html,10-K,AAPL,us-gaap_CostOfGoodsAndServicesSold,Operating segments - Europe,nan,58617000000.0,55197000000.0,54101000000.0,4,False,True,True,srt:ConsolidationItemsAxis,us-gaap_OperatingSegmentsMember,Operating segments,"srt:ConsolidationItemsAxis: Operating segments, us-gaap:StatementBusinessSegmentsAxis: Europe",debit,-1.0,1.0,us-gaap_GrossProfit,us-gaap_StatementLineItems
0000320193-25-000079,https://www.sec.gov/Archives/edgar/data/320193/0000320193-25-000079-index.html,10-K,AAPL,us-gaap_CostOfGoodsAndServicesSold,Operating segments - Greater China,nan,35141000000.0,37519000000.0,39787000000.0,4,False,True,True,srt:ConsolidationItemsAxis,us-gaap_OperatingSegmentsMember,Operating segments,"srt:ConsolidationItemsAxis: Operating segments, us-gaap:StatementBusinessSegmentsAxis: Greater China",debit,-1.0,1.0,us-gaap_GrossProfit,us-gaap_StatementLineItems
0000320193-25-000079,https://www.sec.gov/Archives/edgar/data/320193/0000320193-25-000079-index.html,10-K,AAPL,us-gaap_CostOfGoodsAndServicesSold,Operating segments - Japan,nan,13779000000.0,11744000000.0,11542000000.0,4,False,True,True,srt:ConsolidationItemsAxis,us-gaap_OperatingSegmentsMember,Operating segments,"srt:ConsolidationItemsAxis: Operating segments, us-gaap:StatementBusinessSegmentsAxis: Japan",debit,-1.0,1.0,us-gaap_GrossProfit,us-gaap_StatementLineItems
0000320193-25-000079,https://www.sec.gov/Archives/edgar/data/320193/0000320193-25-000079-index.html,10-K,AAPL,us-gaap_CostOfGoodsAndServicesSold,Operating segments - Rest of Asia Pacific,nan,17724000000.0,16305000000.0,16313000000.0,4,False,True,True,srt:ConsolidationItemsAxis,us-gaap_OperatingSegmentsMember,Operating segments,"srt:ConsolidationItemsAxis: Operating segments, us-gaap:StatementBusinessSegmentsAxis: Rest of Asia Pacific",debit,-1.0,1.0,us-gaap_GrossProfit,us-gaap_StatementLineItems
0000320193-25-000079,https://www.sec.gov/Archives/edgar/data/320193/0000320193-25-000079-index.html,10-K,AAPL,us-gaap_GrossProfit,Gross margin,GrossProfit,195201000000.0,180683000000.0,169148000000.0,3,False,False,False,nan,nan,nan,nan,credit,1.0,1.0,us-gaap_OperatingIncomeLoss,us-gaap_StatementLineItems
0000320193-25-000079,https://www.sec.gov/Archives/edgar/data/320193/0000320193-25-000079-index.html,10-K,AAPL,us-gaap_OperatingExpensesAbstract,Operating expenses:,nan,nan,nan,nan,3,True,False,False,nan,nan,nan,nan,nan,nan,nan,nan,us-gaap_StatementLineItems
0000320193-25-000079,https://www.sec.gov/Archives/edgar/data/320193/0000320193-25-000079-index.html,10-K,AAPL,us-gaap_ResearchAndDevelopmentExpense,Research and development,ResearchAndDevelopmentExpenses,34550000000.0,31370000000.0,29915000000.0,5,False,False,False,nan,nan,nan,nan,debit,1.0,1.0,us-gaap_OperatingExpenses,us-gaap_OperatingExpensesAbstract
0000320193-25-000079,https://www.sec.gov/Archives/edgar/data/320193/0000320193-25-000079-index.html,10-K,AAPL,us-gaap_ResearchAndDevelopmentExpense,Corporate non-segment,nan,34550000000.0,31370000000.0,29915000000.0,5,False,True,True,srt:ConsolidationItemsAxis,us-gaap_CorporateNonSegmentMember,Corporate non-segment,srt:ConsolidationItemsAxis: Corporate non-segment,debit,1.0,1.0,us-gaap_OperatingExpenses,us-gaap_OperatingExpensesAbstract
0000320193-25-000079,https://www.sec.gov/Archives/edgar/data/320193/0000320193-25-000079-index.html,10-K,AAPL,us-gaap_SellingGeneralAndAdministrativeExpense,"Selling, general and administrative",SellingGeneralAndAdminExpenses,27601000000.0,26097000000.0,24932000000.0,5,False,False,False,nan,nan,nan,nan,debit,1.0,1.0,us-gaap_OperatingExpenses,us-gaap_OperatingExpensesAbstract
0000320193-25-000079,https://www.sec.gov/Archives/edgar/data/320193/0000320193-25-000079-index.html,10-K,AAPL,us-gaap_OperatingExpenses,Total operating expenses,TotalOperatingExpenses,62151000000.0,57467000000.0,54847000000.0,5,False,False,False,nan,nan,nan,nan,nan,-1.0,1.0,us-gaap_OperatingIncomeLoss,us-gaap_OperatingExpensesAbstract
0000320193-25-000079,https://www.sec.gov/Archives/edgar/data/320193/0000320193-25-000079-index.html,10-K,AAPL,us-gaap_OperatingIncomeLoss,Operating income,OperatingIncomeLoss,133050000000.0,123216000000.0,114301000000.0,4,False,False,False,nan,nan,nan,nan,credit,1.0,1.0,us-gaap_IncomeLossFromContinuingOperationsBeforeIncomeTaxesExtraordinaryItemsNoncontrollingInterest,us-gaap_StatementLineItems
0000320193-25-000079,https://www.sec.gov/Archives/edgar/data/320193/0000320193-25-000079-index.html,10-K,AAPL,us-gaap_OperatingIncomeLoss,Operating segments - Americas,nan,72480000000.0,67656000000.0,60508000000.0,4,False,True,True,srt:ConsolidationItemsAxis,us-gaap_OperatingSegmentsMember,Operating segments,"srt:ConsolidationItemsAxis: Operating segments, us-gaap:StatementBusinessSegmentsAxis: Americas",credit,1.0,1.0,us-gaap_IncomeLossFromContinuingOperationsBeforeIncomeTaxesExtraordinaryItemsNoncontrollingInterest,us-gaap_StatementLineItems
0000320193-25-000079,https://www.sec.gov/Archives/edgar/data/320193/0000320193-25-000079-index.html,10-K,AAPL,us-gaap_OperatingIncomeLoss,Operating segments - Europe,nan,47739000000.0,41790000000.0,36098000000.0,4,False,True,True,srt:ConsolidationItemsAxis,us-gaap_OperatingSegmentsMember,Operating segments,"srt:ConsolidationItemsAxis: Operating segments, us-gaap:StatementBusinessSegmentsAxis: Europe",credit,1.0,1.0,us-gaap_IncomeLossFromContinuingOperationsBeforeIncomeTaxesExtraordinaryItemsNoncontrollingInterest,us-gaap_StatementLineItems
0000320193-25-000079,https://www.sec.gov/Archives/edgar/data/320193/0000320193-25-000079-index.html,10-K,AAPL,us-gaap_OperatingIncomeLoss,Operating segments - Greater China,nan,26917000000.0,27082000000.0,30328000000.0,4,False,True,True,srt:ConsolidationItemsAxis,us-gaap_OperatingSegmentsMember,Operating segments,"srt:ConsolidationItemsAxis: Operating segments, us-gaap:StatementBusinessSegmentsAxis: Greater China",credit,1.0,1.0,us-gaap_IncomeLossFromContinuingOperationsBeforeIncomeTaxesExtraordinaryItemsNoncontrollingInterest,us-gaap_StatementLineItems
0000320193-25-000079,https://www.sec.gov/Archives/edgar/data/320193/0000320193-25-000079-index.html,10-K,AAPL,us-gaap_OperatingIncomeLoss,Operating segments - Japan,nan,13955000000.0,12454000000.0,11888000000.0,4,False,True,True,srt:ConsolidationItemsAxis,us-gaap_OperatingSegmentsMember,Operating segments,"srt:ConsolidationItemsAxis: Operating segments, us-gaap:StatementBusinessSegmentsAxis: Japan",credit,1.0,1.0,us-gaap_IncomeLossFromContinuingOperationsBeforeIncomeTaxesExtraordinaryItemsNoncontrollingInterest,us-gaap_StatementLineItems
0000320193-25-000079,https://www.sec.gov/Archives/edgar/data/320193/0000320193-25-000079-index.html,10-K,AAPL,us-gaap_OperatingIncomeLoss,Operating segments - Rest of Asia Pacific,nan,14586000000.0,13062000000.0,12066000000.0,4,False,True,True,srt:ConsolidationItemsAxis,us-gaap_OperatingSegmentsMember,Operating segments,"srt:ConsolidationItemsAxis: Operating segments, us-gaap:StatementBusinessSegmentsAxis: Rest of Asia Pacific",credit,1.0,1.0,us-gaap_IncomeLossFromContinuingOperationsBeforeIncomeTaxesExtraordinaryItemsNoncontrollingInterest,us-gaap_StatementLineItems
0000320193-25-000079,https://www.sec.gov/Archives/edgar/data/320193/0000320193-25-000079-index.html,10-K,AAPL,us-gaap_OperatingIncomeLoss,Corporate non-segment,nan,-42627000000.0,-38828000000.0,-36587000000.0,4,False,True,True,srt:ConsolidationItemsAxis,us-gaap_CorporateNonSegmentMember,Corporate non-segment,srt:ConsolidationItemsAxis: Corporate non-segment,credit,1.0,1.0,us-gaap_IncomeLossFromContinuingOperationsBeforeIncomeTaxesExtraordinaryItemsNoncontrollingInterest,us-gaap_StatementLineItems
0000320193-25-000079,https://www.sec.gov/Archives/edgar/data/320193/0000320193-25-000079-index.html,10-K,AAPL,us-gaap_NonoperatingIncomeExpense,"Other income/(expense), net",NonoperatingIncomeExpense,-321000000.0,269000000.0,-565000000.0,4,False,False,False,nan,nan,nan,nan,nan,1.0,1.0,us-gaap_IncomeLossFromContinuingOperationsBeforeIncomeTaxesExtraordinaryItemsNoncontrollingInterest,us-gaap_StatementLineItems
0000320193-25-000079,https://www.sec.gov/Archives/edgar/data/320193/0000320193-25-000079-index.html,10-K,AAPL,us-gaap_IncomeLossFromContinuingOperationsBeforeIncomeTaxesExtraordinaryItemsNoncontrollingInterest,Income before provision for income taxes,PretaxIncomeLoss,132729000000.0,123485000000.0,113736000000.0,3,False,False,False,nan,nan,nan,nan,credit,1.0,1.0,us-gaap_NetIncomeLoss,us-gaap_StatementLineItems
0000320193-25-000079,https://www.sec.gov/Archives/edgar/data/320193/0000320193-25-000079-index.html,10-K,AAPL,us-gaap_IncomeTaxExpenseBenefit,Provision for income taxes,IncomeTaxes,20719000000.0,29749000000.0,16741000000.0,3,False,False,False,nan,nan,nan,nan,debit,-1.0,1.0,us-gaap_NetIncomeLoss,us-gaap_StatementLineItems
0000320193-25-000079,https://www.sec.gov/Archives/edgar/data/320193/0000320193-25-000079-index.html,10-K,AAPL,us-gaap_NetIncomeLoss,Net income,NetIncome,112010000000.0,93736000000.0,96995000000.0,3,False,False,False,nan,nan,nan,nan,credit,1.0,1.0,nan,us-gaap_StatementLineItems
0000320193-25-000079,https://www.sec.gov/Archives/edgar/data/320193/0000320193-25-000079-index.html,10-K,AAPL,us-gaap_NetIncomeLoss,Retained earnings/(Accumulated deficit),nan,112010000000.0,93736000000.0,96995000000.0,4,False,True,True,us-gaap:StatementEquityComponentsAxis,us-gaap_RetainedEarningsMember,Retained earnings/(Accumulated deficit),us-gaap:StatementEquityComponentsAxis: Retained earnings/(Accumulated deficit),credit,1.0,1.0,nan,us-gaap_StatementLineItems
0000320193-25-000079,https://www.sec.gov/Archives/edgar/data/320193/0000320193-25-000079-index.html,10-K,AAPL,us-gaap_EarningsPerShareAbstract,Earnings per share:,nan,nan,nan,nan,3,True,False,False,nan,nan,nan,nan,nan,nan,nan,nan,us-gaap_StatementLineItems
0000320193-25-000079,https://www.sec.gov/Archives/edgar/data/320193/0000320193-25-000079-index.html,10-K,AAPL,us-gaap_EarningsPerShareBasic,Basic (in dollars per share),nan,7.49,6.11,6.16,4,False,False,False,nan,nan,nan,nan,nan,nan,1.0,nan,us-gaap_EarningsPerShareAbstract
0000320193-25-000079,https://www.sec.gov/Archives/edgar/data/320193/0000320193-25-000079-index.html,10-K,AAPL,us-gaap_EarningsPerShareDiluted,Diluted (in dollars per share),nan,7.46,6.08,6.13,4,False,False,False,nan,nan,nan,nan,nan,nan,1.0,nan,us-gaap_EarningsPerShareAbstract
0000320193-25-000079,https://www.sec.gov/Archives/edgar/data/320193/0000320193-25-000079-index.html,10-K,AAPL,us-gaap_WeightedAverageNumberOfSharesOutstandingAbstract,Shares used in computing earnings per share:,nan,nan,nan,nan,3,True,False,False,nan,nan,nan,nan,nan,nan,nan,nan,us-gaap_StatementLineItems
0000320193-25-000079,https://www.sec.gov/Archives/edgar/data/320193/0000320193-25-000079-index.html,10-K,AAPL,us-gaap_WeightedAverageNumberOfSharesOutstandingBasic,Basic (in shares),SharesAverage,14948500000.0,15343783000.0,15744231000.0,4,False,False,False,nan,nan,nan,nan,nan,1.0,1.0,us-gaap_WeightedAverageNumberOfDilutedSharesOutstanding,us-gaap_WeightedAverageNumberOfSharesOutstandingAbstract
0000320193-25-000079,https://www.sec.gov/Archives/edgar/data/320193/0000320193-25-000079-index.html,10-K,AAPL,us-gaap_WeightedAverageNumberOfDilutedSharesOutstanding,Diluted (in shares),SharesFullyDilutedAverage,15004697000.0,15408095000.0,15812547000.0,4,False,False,False,nan,nan,nan,nan,nan,1.0,1.0,nan,us-gaap_WeightedAverageNumberOfSharesOutstandingAbstract
